[{"index": "test", "type": "test", "id": 1, "body": {"body": "hello hello hello hello hello hello hello hello hello hello", "gender": "m"}},
{"index": "test", "type": "test", "id":	2, "body": {"body": "hello hello hello hello hello hello hello hello hello hello", "gender": "m"}},
{"index": "test", "type": "test", "id": 3, "body": {"body": "hello hello hello hello hello hello hello hello hello hello", "gender": "m"}},
{"index": "test", "type": "test", "id": 4, "body": {"body": "hello hello hello hello hello hello hello hello hello hello", "gender": "m"}},
{"index": "test", "type": "test", "id": 5, "body": {"body": "hello hello hello hello hello hello hello hello hello hello", "gender": "m"}},
{"index": "test", "type": "test", "id": 6, "body": {"body": "hello hello hello hello hello hello hello hello hello hello", "gender": "m"}},
{"index": "test", "type": "test", "id": 7, "body": {"body": "hello hello hello hello hello hello hello hello hello hello", "gender": "m"}},
{"index": "test", "type": "test", "id": 8, "body": {"body": "hello hello hello hello hello hello hello hello hello hello", "gender": "m"}},
{"index": "test", "type": "test", "id": 9, "body": {"body": "hello hello hello hello bye bye hello hello hello hello", "gender": "f"}},
{"index": "test", "type": "test", "id": 10, "body": {"body": "hello hello hello bye hello hello bye hello hello hello", "gender": "m"}},
{"index": "test", "type": "test", "id": 11, "body": {"body": "hello hello bye hello hello hello hello bye hello hello", "gender": "m"}},
{"index": "test", "type": "test", "id": 12, "body": {"body": "hello bye hello hello hello hello hello hello bye hello", "gender": "m"}},
{"index": "test", "type": "test", "id": 13, "body": {"body": "bye hello hello hello hello hello hello hello hello bye", "gender": "m"}},
{"index": "test", "type": "test", "id": 14, "body": {"body": "hello hello hello bye hello hello hello bye hello hello", "gender": "m"}},
{"index": "test", "type": "test", "id": 15, "body": {"body": "hello hello bye hello hello bye hello hello bye hello", "gender": "f"}},
{"index": "test", "type": "test", "id": 16, "body": {"body": "hello bye hello bye hello bye hello bye hello bye", "gender": "f"}},
{"index": "test", "type": "test", "id": 17, "body": {"body": "bye hello bye hello bye hello bye hello bye hello", "gender": "f"}},
{"index": "test", "type": "test", "id": 18, "body": {"body": "hello hello hello hello hello hello hello hello hello bye", "gender": "m"}},
{"index": "test", "type": "test", "id": 19, "body": {"body": "hello hello hello hello hello hello hello hello bye bye", "gender": "m"}},
{"index": "test", "type": "test", "id": 20, "body": {"body": "hello hello hello hello hello hello hello bye bye bye", "gender": "m"}},
{"index": "test", "type": "test", "id": 21, "body": {"body": "hello hello hello hello hello hello bye bye bye bye", "gender": "f"}},
{"index": "test", "type": "test", "id": 22, "body": {"body": "hello hello hello hello hello bye bye bye bye bye", "gender": "f"}},
{"index": "test", "type": "test", "id": 23, "body": {"body": "hello hello hello hello bye bye bye bye bye bye", "gender": "f"}},
{"index": "test", "type": "test", "id": 24, "body": {"body": "hello hello hello bye bye bye bye bye bye bye", "gender": "f"}},
{"index": "test", "type": "test", "id": 25, "body": {"body": "hello hello bye bye bye bye bye bye bye bye", "gender": "f"}},
{"index": "test", "type": "test", "id": 26, "body": {"body": "hello bye bye bye bye bye bye bye bye bye", "gender": "f"}},
{"index": "test", "type": "test", "id": 27, "body": {"body": "bye bye bye bye bye bye bye bye bye bye", "gender": "f"}}
]